geoname,lntitle,geoid,lnnumber,tot_est,tot_moe,adu_est,adu_moe,cit_est,cit_moe,cvap_est,cvap_moe
Alabama,Total,04000US01,1,4876250,0,3779875,543,4770940,3095,3685075,3025
Alabama,Not Hispanic or Latino,04000US01,2,4667625,583,3654300,601,4621595,2063,3613055,1878
Alabama,American Indian or Alaska Native Alone,04000US01,3,22785,929,18345,782,22750,928,18310,780
Alabama,Asian Alone,04000US01,4,66600,1109,51295,672,43200,1405,30525,980
Alabama,Black or African American Alone,04000US01,5,1294615,2373,974115,1347,1287245,2598,967605,1528
Alabama,Native Hawaiian or Other Pacific Islander Alone,04000US01,6,1620,254,1185,206,1520,262,1095,203
Alabama,White Alone,04000US01,7,3200670,28,2563965,13,3186580,1249,2551105,1138
Alabama,American Indian or Alaska Native and White,04000US01,8,26350,881,20780,792,26310,882,20735,795
Alabama,Asian and White,04000US01,9,13935,1091,7475,620,13445,1094,7025,642
Alabama,Black or African American and White,04000US01,10,28530,1786,9555,929,28365,1781,9405,917
Alabama,American Indian or Alaska Native and Black or African American,04000US01,11,3830,652,2695,469,3825,651,2685,470
Alabama,Remainder of Two or More Race Responses,04000US01,12,8685,1070,4885,632,8360,1038,4560,625
Alabama,Hispanic or Latino,04000US01,13,208625,583,125575,395,149345,2203,72020,1965
Alaska,Total,04000US02,1,737070,0,552675,202,712455,1445,530995,1196
Alaska,Not Hispanic or Latino,04000US02,2,685200,129,518725,217,664725,1248,500660,1053
Alaska,American Indian or Alaska Native Alone,04000US02,3,106380,1406,72745,949,106330,1402,72700,946
Alaska,Asian Alone,04000US02,4,45015,845,34765,556,32180,1221,23345,916
Alaska,Black or African American Alone,04000US02,5,23055,773,17870,453,21320,741,16695,494
Alaska,Native Hawaiian or Other Pacific Islander Alone,04000US02,6,9220,352,6110,257,8160,432,5355,304
Alaska,White Alone,04000US02,7,448605,5,357720,11,444250,542,353435,534
Alaska,American Indian or Alaska Native and White,04000US02,8,28305,1284,17785,819,28205,1286,17685,832
Alaska,Asian and White,04000US02,9,8110,716,4010,419,8005,720,3940,416
Alaska,Black or African American and White,04000US02,10,6000,686,2505,362,5930,678,2445,366
Alaska,American Indian or Alaska Native and Black or African American,04000US02,11,1545,335,655,198,1545,335,655,198
Alaska,Remainder of Two or More Race Responses,04000US02,12,8960,933,4565,557,8800,933,4405,539
Alaska,Hispanic or Latino,04000US02,13,51870,129,33945,191,47730,707,30340,537
Arizona,Total,04000US04,1,7050300,0,5414955,227,6519390,7470,4920450,6675
Arizona,Not Hispanic or Latino,04000US04,2,4841635,0,3928845,226,4675975,4090,3780260,3329
Arizona,American Indian or Alaska Native Alone,04000US04,3,276890,2133,196490,1401,276195,2130,195910,1420
Arizona,Asian Alone,04000US04,4,228715,2203,185825,1637,155310,2545,119945,2154
Arizona,Black or African American Alone,04000US04,5,299550,2742,224540,1531,284425,2871,212950,1687
Arizona,Native Hawaiian or Other Pacific Islander Alone,04000US04,6,13040,511,10165,369,11250,562,8675,450
Arizona,White Alone,04000US04,7,3867175,29,3224805,29,3795360,2272,3158120,2029
Arizona,American Indian or Alaska Native and White,04000US04,8,32410,2001,23135,1328,32355,1996,23085,1325
Arizona,Asian and White,04000US04,9,45615,1957,24580,1448,43930,1799,23205,1332
Arizona,Black or African American and White,04000US04,10,47175,2368,20205,1226,46910,2379,20035,1238
Arizona,American Indian or Alaska Native and Black or African American,04000US04,11,5620,724,3565,559,5620,724,3565,559
Arizona,Remainder of Two or More Race Responses,04000US04,12,25445,1947,15545,1229,24620,1845,14775,1113
Arizona,Hispanic or Latino,04000US04,13,2208665,0,1486110,0,1843415,6676,1140190,6106
Arkansas,Total,04000US05,1,2999370,0,2295100,584,2903080,2406,2207335,2360
Arkansas,Not Hispanic or Latino,04000US05,2,2775240,236,2157355,485,2742655,1670,2128815,1506
Arkansas,American Indian or Alaska Native Alone,04000US05,3,17710,1086,13780,862,17710,1086,13780,862
Arkansas,Asian Alone,04000US05,4,45970,968,35475,669,29950,1099,21015,918
Arkansas,Black or African American Alone,04000US05,5,458065,1795,335100,998,455360,1848,332655,1094
Arkansas,Native Hawaiian or Other Pacific Islander Alone,04000US05,6,9085,544,5470,273,3960,656,1685,374
Arkansas,White Alone,04000US05,7,2175875,76,1729910,52,2168035,915,1722690,829
Arkansas,American Indian or Alaska Native and White,04000US05,8,31515,1364,23860,957,31455,1359,23810,953
Arkansas,Asian and White,04000US05,9,7960,855,3760,527,7490,831,3435,514
Arkansas,Black or African American and White,04000US05,10,20940,1385,5345,611,20895,1374,5345,611
Arkansas,American Indian or Alaska Native and Black or African American,04000US05,11,2515,631,1720,393,2515,631,1720,393
Arkansas,Remainder of Two or More Race Responses,04000US05,12,5610,887,2935,453,5290,841,2675,427
Arkansas,Hispanic or Latino,04000US05,13,224130,236,137750,347,160425,1878,78515,1774
California,Total,04000US06,1,39283495,0,30261350,462,34187375,33462,25494385,30860
California,Not Hispanic or Latino,04000US06,2,23955810,0,19617525,456,22072245,14459,17901630,12511
California,American Indian or Alaska Native Alone,04000US06,3,143375,2543,113650,2002,141895,2586,112455,2015
California,Asian Alone,04000US06,4,5656420,9167,4646285,5493,4408490,10393,3496815,8508
California,Black or African American Alone,04000US06,5,2194500,6573,1739065,4076,2128875,6744,1681000,4352
California,Native Hawaiian or Other Pacific Islander Alone,04000US06,6,143640,2057,112790,1416,127555,2242,97960,1565
California,White Alone,04000US06,7,14677215,16,12331415,3,14164980,8270,11871155,6839
California,American Indian or Alaska Native and White,04000US06,8,162035,2616,128215,1975,161490,2602,127695,1972
California,Asian and White,04000US06,9,502075,8594,265310,5001,473650,8327,243760,4646
California,Black or African American and White,04000US06,10,213660,5750,109005,3174,211015,5629,106800,3064
California,American Indian or Alaska Native and Black or African American,04000US06,11,32245,2219,25605,1680,31910,2160,25325,1635
California,Remainder of Two or More Race Responses,04000US06,12,230635,5665,146190,3980,222385,5572,138665,3871
California,Hispanic or Latino,04000US06,13,15327690,0,10643825,149,12115125,26317,7592755,24603
Colorado,Total,04000US08,1,5610350,0,4349345,496,5298855,6408,4063875,5655
Colorado,Not Hispanic or Latino,04000US08,2,4402175,407,3535515,691,4284905,3018,3431220,2578
Colorado,American Indian or Alaska Native Alone,04000US08,3,30535,1059,24560,821,30450,1057,24475,818
Colorado,Asian Alone,04000US08,4,177045,1920,140515,1154,126170,2433,95275,1962
Colorado,Black or African American Alone,04000US08,5,224265,2112,169635,1353,207295,2347,155410,1566
Colorado,Native Hawaiian or Other Pacific Islander Alone,04000US08,6,7640,589,5955,401,6910,583,5380,393
Colorado,White Alone,04000US08,7,3827685,390,3116835,371,3781815,1871,3074970,1687
Colorado,American Indian or Alaska Native and White,04000US08,8,32010,1033,24325,840,31955,1030,24265,840
Colorado,Asian and White,04000US08,9,43100,1727,22695,973,41060,1628,21080,947
Colorado,Black or African American and White,04000US08,10,36585,1733,16550,1066,36280,1736,16255,1081
Colorado,American Indian or Alaska Native and Black or African American,04000US08,11,3325,726,2650,526,3310,713,2635,514
Colorado,Remainder of Two or More Race Responses,04000US08,12,19985,1244,11795,858,19665,1224,11480,842
Colorado,Hispanic or Latino,04000US08,13,1208170,407,813830,385,1013950,5053,632655,4610
Connecticut,Total,04000US09,1,3575075,0,2831240,236,3326750,5213,2605410,4494
Connecticut,Not Hispanic or Latino,04000US09,2,3000835,0,2435345,233,2846695,4136,2295580,3629
Connecticut,American Indian or Alaska Native Alone,04000US09,3,5685,578,4305,407,5485,573,4105,406
Connecticut,Asian Alone,04000US09,4,163000,1411,128745,849,107250,1799,78480,1507
Connecticut,Black or African American Alone,04000US09,5,357995,2323,275315,1363,325630,2808,246480,2165
Connecticut,Native Hawaiian or Other Pacific Islander Alone,04000US09,6,1055,223,870,188,935,207,750,180
Connecticut,White Alone,04000US09,7,2401730,29,1988715,29,2338375,2723,1930315,2399
Connecticut,American Indian or Alaska Native and White,04000US09,8,9960,578,7525,448,9960,578,7525,448
Connecticut,Asian and White,04000US09,9,19810,1333,7930,812,18565,1251,6960,694
Connecticut,Black or African American and White,04000US09,10,26715,1929,11815,884,26135,1891,11235,823
Connecticut,American Indian or Alaska Native and Black or African American,04000US09,11,4395,839,3465,582,4370,837,3440,578
Connecticut,Remainder of Two or More Race Responses,04000US09,12,10485,1288,6665,914,9985,1272,6290,913
Connecticut,Hispanic or Latino,04000US09,13,574240,0,395895,0,480055,3211,309830,2838
Delaware,Total,04000US10,1,957250,0,753565,118,909575,2093,710280,1845
Delaware,Not Hispanic or Latino,04000US10,2,868885,0,697220,118,842035,1711,672875,1478
Delaware,American Indian or Alaska Native Alone,04000US10,3,2850,290,2575,246,2825,290,2565,245
Delaware,Asian Alone,04000US10,4,37460,645,29520,450,23160,987,16515,779
Delaware,Black or African American Alone,04000US10,5,208330,1335,156915,701,201320,1555,150730,1148
Delaware,Native Hawaiian or Other Pacific Islander Alone,04000US10,6,360,102,300,86,350,98,290,86
Delaware,White Alone,04000US10,7,598050,28,497375,28,593155,528,492780,511
Delaware,American Indian or Alaska Native and White,04000US10,8,2550,291,1825,246,2550,291,1825,246
Delaware,Asian and White,04000US10,9,3760,502,1965,332,3420,477,1685,289
Delaware,Black or African American and White,04000US10,10,10710,1121,3430,496,10670,1122,3400,497
Delaware,American Indian or Alaska Native and Black or African American,04000US10,11,1740,505,1300,326,1740,505,1300,326
Delaware,Remainder of Two or More Race Responses,04000US10,12,3075,600,2000,455,2850,564,1780,409
Delaware,Hispanic or Latino,04000US10,13,88365,0,56345,0,67540,1191,37405,953
District of Columbia,Total,04000US11,1,692685,0,568755,91,639585,2623,519265,2326
District of Columbia,Not Hispanic or Latino,04000US11,2,616490,0,513105,91,585190,2256,483645,2081
District of Columbia,American Indian or Alaska Native Alone,04000US11,3,1450,194,1305,189,1450,194,1305,189
District of Columbia,Asian Alone,04000US11,4,27755,612,25370,424,19760,871,17655,772
District of Columbia,Black or African American Alone,04000US11,5,316585,941,248400,543,307735,1583,240410,1185
District of Columbia,Native Hawaiian or Other Pacific Islander Alone,04000US11,6,305,65,305,65,295,63,295,63
District of Columbia,White Alone,04000US11,7,254600,29,227345,29,240740,1315,214105,1225
District of Columbia,American Indian or Alaska Native and White,04000US11,8,605,197,550,176,585,197,530,175
District of Columbia,Asian and White,04000US11,9,6035,594,3935,416,5695,560,3605,383
District of Columbia,Black or African American and White,04000US11,10,5025,625,2785,370,4915,617,2730,372
District of Columbia,American Indian or Alaska Native and Black or African American,04000US11,11,1750,479,1385,340,1750,479,1385,340
District of Columbia,Remainder of Two or More Race Responses,04000US11,12,2380,422,1720,296,2265,410,1625,280
District of Columbia,Hispanic or Latino,04000US11,13,76190,0,55645,0,54395,1423,35620,1210
Florida,Total,04000US12,1,20901635,0,16719175,616,18993615,22101,14988415,19870
Florida,Not Hispanic or Latino,04000US12,2,15554950,318,12675555,631,14816445,10955,12006090,9955
Florida,American Indian or Alaska Native Alone,04000US12,3,42990,1709,35400,1287,42150,1688,34595,1255
Florida,Asian Alone,04000US12,4,572475,3166,467300,2107,418950,4607,327995,3668
Florida,Black or African American Alone,04000US12,5,3232290,6553,2403395,3127,2969450,9688,2168565,6443
Florida,Native Hawaiian or Other Pacific Islander Alone,04000US12,6,11910,750,9440,607,10460,685,8020,569
Florida,White Alone,04000US12,7,11318555,32,9555680,32,11012275,5937,9274165,5217
Florida,American Indian or Alaska Native and White,04000US12,8,61450,1721,49835,1329,61050,1713,49435,1316
Florida,Asian and White,04000US12,9,88285,3159,48005,2038,83780,3045,44325,1980
Florida,Black or African American and White,04000US12,10,153280,5031,58130,2380,149385,4985,54955,2275
Florida,American Indian or Alaska Native and Black or African American,04000US12,11,9875,1025,8150,870,9750,1011,8030,849
Florida,Remainder of Two or More Race Responses,04000US12,12,63845,3287,40220,2187,59200,3203,36010,2048
Florida,Hispanic or Latino,04000US12,13,5346685,318,4043620,332,4177170,17161,2982325,15561
Georgia,Total,04000US13,1,10403845,0,7898605,1097,9809250,8872,7356560,8046
Georgia,Not Hispanic or Latino,04000US13,2,9411455,479,7269865,836,9121400,6248,7012375,5390
Georgia,American Indian or Alaska Native Alone,04000US13,3,19530,1073,16260,916,19040,1074,15855,924
Georgia,Asian Alone,04000US13,4,417420,2393,325295,1384,274685,3740,199010,2916
Georgia,Black or African American Alone,04000US13,5,3260090,4585,2422325,2557,3190730,5944,2361010,4154
Georgia,Native Hawaiian or Other Pacific Islander Alone,04000US13,6,5360,808,3820,577,4845,854,3400,596
Georgia,White Alone,04000US13,7,5505810,646,4398485,508,5433960,2877,4333165,2512
Georgia,American Indian or Alaska Native and White,04000US13,8,30355,1186,23355,988,30300,1173,23300,979
Georgia,Asian and White,04000US13,9,43360,2392,21535,1265,40460,2028,19690,1206
Georgia,Black or African American and White,04000US13,10,85920,3719,31245,1963,84900,3659,30355,1899
Georgia,American Indian or Alaska Native and Black or African American,04000US13,11,10930,1072,8595,887,10910,1070,8570,887
Georgia,Remainder of Two or More Race Responses,04000US13,12,32680,2311,18955,1356,31575,2297,18015,1348
Georgia,Hispanic or Latino,04000US13,13,992395,480,628740,774,687850,5179,344180,4857
Hawaii,Total,04000US15,1,1422095,0,1117455,0,1313265,3132,1018390,2752
Hawaii,Not Hispanic or Latino,04000US15,2,1272975,0,1024190,0,1170935,3005,931190,2650
Hawaii,American Indian or Alaska Native Alone,04000US15,3,2250,329,1890,278,2135,313,1770,265
Hawaii,Asian Alone,04000US15,4,526210,3754,453260,2667,453455,3699,386705,2950
Hawaii,Black or African American Alone,04000US15,5,24570,826,20550,562,24030,818,20095,557
Hawaii,Native Hawaiian or Other Pacific Islander Alone,04000US15,6,133380,1863,99035,1371,115385,2116,83045,1692
Hawaii,White Alone,04000US15,7,313960,6,270225,27,305355,619,262100,521
Hawaii,American Indian or Alaska Native and White,04000US15,8,6715,328,5740,278,6630,336,5670,282
Hawaii,Asian and White,04000US15,9,64575,1840,39805,1367,63845,1864,39260,1363
Hawaii,Black or African American and White,04000US15,10,6430,738,3350,470,6395,736,3310,466
Hawaii,American Indian or Alaska Native and Black or African American,04000US15,11,960,316,765,235,960,316,765,235
Hawaii,Remainder of Two or More Race Responses,04000US15,12,193930,4084,129570,2769,192745,4092,128460,2787
Hawaii,Hispanic or Latino,04000US15,13,149120,0,93265,0,142335,944,87200,800
Idaho,Total,04000US16,1,1717750,0,1276605,302,1656805,2114,1220310,1983
Idaho,Not Hispanic or Latino,04000US16,2,1502275,0,1141710,291,1480940,1554,1122940,1429
Idaho,American Indian or Alaska Native Alone,04000US16,3,19050,841,14625,638,19025,841,14595,637
Idaho,Asian Alone,04000US16,4,23320,972,18665,730,15970,944,11895,775
Idaho,Black or African American Alone,04000US16,5,11325,905,7255,526,9560,1089,6290,613
Idaho,Native Hawaiian or Other Pacific Islander Alone,04000US16,6,2340,300,1720,235,2050,265,1440,235
Idaho,White Alone,04000US16,7,1409760,49,1078645,49,1398415,1065,1068455,1005
Idaho,American Indian or Alaska Native and White,04000US16,8,13070,918,9185,676,13070,918,9185,676
Idaho,Asian and White,04000US16,9,11440,1022,6030,746,11055,941,5650,652
Idaho,Black or African American and White,04000US16,10,5930,864,2530,478,5905,858,2515,476
Idaho,American Indian or Alaska Native and Black or African American,04000US16,11,190,92,175,93,190,92,175,93
Idaho,Remainder of Two or More Race Responses,04000US16,12,5840,731,2880,380,5700,728,2740,373
Idaho,Hispanic or Latino,04000US16,13,215475,0,134890,79,175865,1637,97370,1504
Illinois,Total,04000US17,1,12770630,0,9879105,621,11884945,9468,9049960,8991
Illinois,Not Hispanic or Latino,04000US17,2,10584245,230,8404745,657,10177765,5888,8034710,5486
Illinois,American Indian or Alaska Native Alone,04000US17,3,15575,916,12940,787,15190,879,12580,776
Illinois,Asian Alone,04000US17,4,701110,2439,562225,1605,498320,3334,377145,2963
Illinois,Black or African American Alone,04000US17,5,1791820,3664,1354770,2096,1757800,4101,1325900,2699
Illinois,Native Hawaiian or Other Pacific Islander Alone,04000US17,6,3140,335,2425,274,2825,332,2115,273
Illinois,White Alone,04000US17,7,7844200,512,6355260,429,7682765,4201,6206315,3685
Illinois,American Indian or Alaska Native and White,04000US17,8,31280,1057,23980,832,31235,1065,23935,837
Illinois,Asian and White,04000US17,9,74915,2464,36495,1551,68780,2220,31300,1299
Illinois,Black or African American and White,04000US17,10,88135,3353,34215,1624,87740,3325,33820,1588
Illinois,American Indian or Alaska Native and Black or African American,04000US17,11,7125,895,5395,646,7100,891,5370,640
Illinois,Remainder of Two or More Race Responses,04000US17,12,26940,1826,17040,1288,26005,1791,16230,1276
Illinois,Hispanic or Latino,04000US17,13,2186385,231,1474360,257,1707175,6504,1015250,6137
Indiana,Total,04000US18,1,6665705,0,5093210,641,6455225,4263,4903145,3879
Indiana,Not Hispanic or Latino,04000US18,2,6203855,266,4805085,585,6092520,3154,4707195,2772
Indiana,American Indian or Alaska Native Alone,04000US18,3,12390,729,10355,654,12300,713,10280,639
Indiana,Asian Alone,04000US18,4,152965,1711,118410,1125,87360,2118,60150,1758
Indiana,Black or African American Alone,04000US18,5,618910,2947,446955,1808,601960,3335,432775,2320
Indiana,Native Hawaiian or Other Pacific Islander Alone,04000US18,6,2065,253,1625,219,1805,263,1360,214
Indiana,White Alone,04000US18,7,5280955,43,4160440,39,5254825,1772,4136965,1499
Indiana,American Indian or Alaska Native and White,04000US18,8,24950,790,19980,769,24920,789,19950,767
Indiana,Asian and White,04000US18,9,23915,1621,11865,979,22645,1539,10820,928
Indiana,Black or African American and White,04000US18,10,73350,2748,25730,1529,72955,2718,25550,1520
Indiana,American Indian or Alaska Native and Black or African American,04000US18,11,2810,524,2490,487,2795,522,2475,486
Indiana,Remainder of Two or More Race Responses,04000US18,12,11545,1289,7240,816,10960,1228,6865,796
Indiana,Hispanic or Latino,04000US18,13,461850,263,288125,277,362705,2728,195945,2386
Iowa,Total,04000US19,1,3139510,0,2410770,499,3039680,2827,2321085,2547
Iowa,Not Hispanic or Latino,04000US19,2,2951195,134,2296040,499,2891020,2143,2242870,1968
Iowa,American Indian or Alaska Native Alone,04000US19,3,9285,519,7330,427,9265,522,7315,429
Iowa,Asian Alone,04000US19,4,75860,1160,58575,782,43785,1173,30035,985
Iowa,Black or African American Alone,04000US19,5,114010,2042,77575,1143,100415,1951,66360,1320
Iowa,Native Hawaiian or Other Pacific Islander Alone,04000US19,6,3360,396,2080,258,2420,348,1290,244
Iowa,White Alone,04000US19,7,2692925,111,2125220,65,2680180,1310,2113365,1107
Iowa,American Indian or Alaska Native and White,04000US19,8,9960,817,7290,680,9940,814,7265,678
Iowa,Asian and White,04000US19,9,12495,906,5980,559,12025,866,5530,513
Iowa,Black or African American and White,04000US19,10,27080,1680,8440,744,27015,1672,8375,736
Iowa,American Indian or Alaska Native and Black or African American,04000US19,11,1455,417,780,204,1455,417,780,204
Iowa,Remainder of Two or More Race Responses,04000US19,12,4760,608,2770,412,4520,557,2560,384
Iowa,Hispanic or Latino,04000US19,13,188310,137,114730,167,148660,1521,78210,1310
Kansas,Total,04000US20,1,2910650,0,2199580,484,2784630,3033,2084735,2604
Kansas,Not Hispanic or Latino,04000US20,2,2564970,72,1985000,448,2515245,1994,1940950,1734
Kansas,American Indian or Alaska Native Alone,04000US20,3,19250,663,14845,497,19245,663,14840,496
Kansas,Asian Alone,04000US20,4,85525,1241,67140,877,55675,1453,40275,1161
Kansas,Black or African American Alone,04000US20,5,164990,1810,122580,1066,158640,1966,117375,1210
Kansas,Native Hawaiian or Other Pacific Islander Alone,04000US20,6,1940,256,1565,233,1405,254,1085,217
Kansas,White Alone,04000US20,7,2210875,112,1736325,63,2198745,1035,1725595,890
Kansas,American Indian or Alaska Native and White,04000US20,8,25625,727,18780,518,25620,728,18775,519
Kansas,Asian and White,04000US20,9,14155,1100,6685,753,13630,1048,6235,718
Kansas,Black or African American and White,04000US20,10,31105,1580,9935,818,31025,1577,9855,799
Kansas,American Indian or Alaska Native and Black or African American,04000US20,11,3170,550,2250,399,3160,550,2235,398
Kansas,Remainder of Two or More Race Responses,04000US20,12,8335,915,4890,686,8100,845,4675,607
Kansas,Hispanic or Latino,04000US20,13,345680,70,214585,161,269380,2099,143785,1826
Kentucky,Total,04000US21,1,4449050,0,3439745,877,4345650,2877,3349115,2624
Kentucky,Not Hispanic or Latino,04000US21,2,4286060,514,3339340,783,4228915,2437,3291040,2094
Kentucky,American Indian or Alaska Native Alone,04000US21,3,8230,713,6695,585,8215,709,6685,584
Kentucky,Asian Alone,04000US21,4,65315,981,48765,699,40505,1209,28030,899
Kentucky,Black or African American Alone,04000US21,5,356175,2194,266640,1209,344275,2583,257475,1652
Kentucky,Native Hawaiian or Other Pacific Islander Alone,04000US21,6,2700,428,2010,332,2145,452,1480,347
Kentucky,White Alone,04000US21,7,3766865,362,2973435,361,3748400,1438,2956820,1293
Kentucky,American Indian or Alaska Native and White,04000US21,8,16680,783,13865,740,16645,779,13830,737
Kentucky,Asian and White,04000US21,9,13255,942,6715,630,12405,903,5980,575
Kentucky,Black or African American and White,04000US21,10,47120,2000,14515,937,47020,1995,14435,937
Kentucky,American Indian or Alaska Native and Black or African American,04000US21,11,2040,397,1765,331,2040,397,1765,331
Kentucky,Remainder of Two or More Race Responses,04000US21,12,7680,1012,4930,687,7265,985,4545,654
Kentucky,Hispanic or Latino,04000US21,13,162995,514,100410,581,116730,1561,58075,1382
Louisiana,Total,04000US22,1,4664360,0,3561010,631,4549895,3182,3459490,2893
Louisiana,Not Hispanic or Latino,04000US22,2,4425200,365,3396495,511,4378480,2022,3354600,1857
Louisiana,American Indian or Alaska Native Alone,04000US22,3,23905,950,18500,740,23785,959,18380,753
Louisiana,Asian Alone,04000US22,4,80865,1288,63670,867,56975,1548,42395,1177
Louisiana,Black or African American Alone,04000US22,5,1496235,2626,1096220,1672,1490270,3012,1090895,2031
Louisiana,Native Hawaiian or Other Pacific Islander Alone,04000US22,6,1090,293,760,232,1040,282,710,215
Louisiana,White Alone,04000US22,7,2742835,30,2177215,30,2726930,1241,2162770,1098
Louisiana,American Indian or Alaska Native and White,04000US22,8,19845,969,14025,748,19805,968,13985,749
Louisiana,Asian and White,04000US22,9,10820,1177,5595,745,10245,1093,5130,679
Louisiana,Black or African American and White,04000US22,10,33615,2222,10835,1068,33580,2228,10795,1075
Louisiana,American Indian or Alaska Native and Black or African American,04000US22,11,5175,851,3670,576,5165,850,3660,576
Louisiana,Remainder of Two or More Race Responses,04000US22,12,10815,1314,6015,733,10675,1311,5875,729
Louisiana,Hispanic or Latino,04000US22,13,239165,365,164515,532,171415,2506,104885,2165
Maine,Total,04000US23,1,1335490,0,1082995,158,1314655,1351,1064670,1103
Maine,Not Hispanic or Latino,04000US23,2,1313390,0,1067915,143,1294110,1356,1050985,1079
Maine,American Indian or Alaska Native Alone,04000US23,3,8020,530,5965,410,7935,536,5900,415
Maine,Asian Alone,04000US23,4,15125,613,12130,460,10525,578,7930,427
Maine,Black or African American Alone,04000US23,5,17440,773,11355,477,12375,681,7620,461
Maine,Native Hawaiian or Other Pacific Islander Alone,04000US23,6,355,116,245,81,340,114,230,81
Maine,White Alone,04000US23,7,1245945,24,1022610,24,1236705,828,1013930,748
Maine,American Indian or Alaska Native and White,04000US23,8,11930,621,8430,437,11915,620,8410,435
Maine,Asian and White,04000US23,9,5990,550,3045,394,5865,550,2965,393
Maine,Black or African American and White,04000US23,10,6050,680,2455,428,6015,682,2420,422
Maine,American Indian or Alaska Native and Black or African American,04000US23,11,335,130,305,125,330,124,295,123
Maine,Remainder of Two or More Race Responses,04000US23,12,2205,417,1375,280,2105,393,1275,257
Maine,Hispanic or Latino,04000US23,13,22100,0,15075,71,20545,352,13685,320
Maryland,Total,04000US24,1,6018850,0,4677165,215,5577240,6535,4280945,5847
Maryland,Not Hispanic or Latino,04000US24,2,5412365,0,4275950,214,5168135,5140,4058380,4390
Maryland,American Indian or Alaska Native Alone,04000US24,3,12330,746,10035,608,12075,747,9865,608
Maryland,Asian Alone,04000US24,4,381490,1569,304390,1044,283590,2690,215395,2220
Maryland,Black or African American Alone,04000US24,5,1777885,3519,1369625,2019,1686150,5324,1288635,3781
Maryland,Native Hawaiian or Other Pacific Islander Alone,04000US24,6,2365,248,1960,190,2045,208,1640,178
Maryland,White Alone,04000US24,7,3073165,28,2504430,28,3023615,2509,2460945,1997
Maryland,American Indian or Alaska Native and White,04000US24,8,15195,761,11890,622,15085,751,11810,617
Maryland,Asian and White,04000US24,9,45500,1526,22330,951,42630,1519,20215,929
Maryland,Black or African American and White,04000US24,10,64560,2540,25330,1384,63960,2545,24760,1388
Maryland,American Indian or Alaska Native and Black or African American,04000US24,11,10155,1036,8335,884,10130,1032,8305,880
Maryland,Remainder of Two or More Race Responses,04000US24,12,29720,1948,17630,1305,28860,1897,16800,1263
Maryland,Hispanic or Latino,04000US24,13,606480,0,401215,0,409105,4306,222565,3631
Massachusetts,Total,04000US25,1,6850555,0,5479295,231,6314695,8213,4992535,7090
Massachusetts,Not Hispanic or Latino,04000US25,2,6041375,329,4920005,394,5652800,6455,4564725,5594
Massachusetts,American Indian or Alaska Native Alone,04000US25,3,10390,727,8240,537,10025,716,7920,533
Massachusetts,Asian Alone,04000US25,4,457805,2016,367495,1331,308630,3083,229865,2625
Massachusetts,Black or African American Alone,04000US25,5,488645,2366,370165,1592,415575,3625,304615,2905
Massachusetts,Native Hawaiian or Other Pacific Islander Alone,04000US25,6,2425,462,1980,367,2070,394,1685,335
Massachusetts,White Alone,04000US25,7,4949630,417,4099690,344,4791210,4470,3954435,3939
Massachusetts,American Indian or Alaska Native and White,04000US25,8,17130,746,13270,534,16970,760,13115,549
Massachusetts,Asian and White,04000US25,9,47155,1921,23005,1244,43840,1812,20265,1089
Massachusetts,Black or African American and White,04000US25,10,48560,2096,23460,1404,46160,2042,21345,1299
Massachusetts,American Indian or Alaska Native and Black or African American,04000US25,11,4405,654,3630,538,4330,658,3555,537
Massachusetts,Remainder of Two or More Race Responses,04000US25,12,15230,1263,9065,834,13990,1178,7925,746
Massachusetts,Hispanic or Latino,04000US25,13,809180,328,559290,299,661890,4256,427805,3390
Michigan,Total,04000US26,1,9965265,0,7787385,344,9639085,5339,7495885,4532
Michigan,Not Hispanic or Latino,04000US26,2,9457910,74,7461400,316,9212910,4454,7244830,3637
Michigan,American Indian or Alaska Native Alone,04000US26,3,45805,1473,35650,1058,45265,1482,35125,1067
Michigan,Asian Alone,04000US26,4,314075,1858,247330,1161,198455,2358,144320,1978
Michigan,Black or African American Alone,04000US26,5,1362770,3737,1021850,1935,1344225,3802,1006170,2123
Michigan,Native Hawaiian or Other Pacific Islander Alone,04000US26,6,2790,259,2265,219,2420,266,1960,230
Michigan,White Alone,04000US26,7,7488785,24,6025920,24,7383835,3868,5932705,3109
Michigan,American Indian or Alaska Native and White,04000US26,8,59570,1427,43295,1042,59490,1435,43210,1047
Michigan,Asian and White,04000US26,9,50295,1794,24820,1082,46555,1762,21995,1049
Michigan,Black or African American and White,04000US26,10,98080,3075,37505,1326,97615,3091,37110,1324
Michigan,American Indian or Alaska Native and Black or African American,04000US26,11,12335,1372,9010,983,12300,1371,8980,982
Michigan,Remainder of Two or More Race Responses,04000US26,12,23410,1474,13765,862,22750,1439,13255,844
Michigan,Hispanic or Latino,04000US26,13,507355,74,325985,89,426175,2649,251055,2338
Minnesota,Total,04000US27,1,5563380,0,4267530,328,5335310,4394,4069675,3850
Minnesota,Not Hispanic or Latino,04000US27,2,5263820,35,4082825,288,5111430,3537,3954675,2970
Minnesota,American Indian or Alaska Native Alone,04000US27,3,52590,1097,36570,779,52320,1074,36320,763
Minnesota,Asian Alone,04000US27,4,269035,1743,195520,946,201180,2358,136540,1615
Minnesota,Black or African American Alone,04000US27,5,351475,2572,229255,1390,300600,2941,189620,2181
Minnesota,Native Hawaiian or Other Pacific Islander Alone,04000US27,6,2105,255,1635,224,1630,229,1280,217
Minnesota,White Alone,04000US27,7,4448895,44,3552490,36,4418305,1596,3525355,1316
Minnesota,American Indian or Alaska Native and White,04000US27,8,33245,1075,22180,769,33180,1082,22145,777
Minnesota,Asian and White,04000US27,9,35885,1634,14915,809,34785,1601,14165,803
Minnesota,Black or African American and White,04000US27,10,51150,2132,20195,1234,50930,2118,20015,1237
Minnesota,American Indian or Alaska Native and Black or African American,04000US27,11,3755,628,1955,350,3680,608,1880,337
Minnesota,Remainder of Two or More Race Responses,04000US27,12,15685,1249,8120,764,14815,1203,7365,648
Minnesota,Hispanic or Latino,04000US27,13,299555,32,184705,98,223885,2274,115000,2000
Mississippi,Total,04000US28,1,2984420,0,2270925,448,2941850,2236,2232330,1921
Mississippi,Not Hispanic or Latino,04000US28,2,2893215,993,2211855,963,2874550,1635,2194645,1441
Mississippi,American Indian or Alaska Native Alone,04000US28,3,13340,658,9515,481,13280,661,9460,479
Mississippi,Asian Alone,04000US28,4,29675,959,23445,706,20405,1094,14985,804
Mississippi,Black or African American Alone,04000US28,5,1123060,2179,821965,1652,1120880,2229,819965,1666
Mississippi,Native Hawaiian or Other Pacific Islander Alone,04000US28,6,615,247,565,218,565,237,515,206
Mississippi,White Alone,04000US28,7,1692170,30,1339540,129,1685420,847,1333250,752
Mississippi,American Indian or Alaska Native and White,04000US28,8,6445,674,4885,527,6445,674,4885,527
Mississippi,Asian and White,04000US28,9,5520,771,2865,461,5375,766,2715,452
Mississippi,Black or African American and White,04000US28,10,16570,1328,5040,675,16490,1331,4960,676
Mississippi,American Indian or Alaska Native and Black or African American,04000US28,11,1800,441,1460,372,1800,441,1460,372
Mississippi,Remainder of Two or More Race Responses,04000US28,12,4015,592,2575,400,3885,587,2450,388
Mississippi,Hispanic or Latino,04000US28,13,91200,993,59070,973,67300,1656,37685,1485
Missouri,Total,04000US29,1,6104910,0,4723300,723,5971680,3532,4603770,3019
Missouri,Not Hispanic or Latino,04000US29,2,5850120,210,4561700,616,5763750,3066,4485265,2562
Missouri,American Indian or Alaska Native Alone,04000US29,3,23690,1140,19250,977,23655,1145,19215,979
Missouri,Asian Alone,04000US29,4,121260,1212,96450,797,77800,1837,57320,1355
Missouri,Black or African American Alone,04000US29,5,699285,2803,516655,1632,686305,3006,505770,1798
Missouri,Native Hawaiian or Other Pacific Islander Alone,04000US29,6,7380,507,4760,380,5685,514,3250,440
Missouri,White Alone,04000US29,7,4857815,214,3851745,164,4831765,1576,3828625,1350
Missouri,American Indian or Alaska Native and White,04000US29,8,37755,1095,28650,901,37725,1094,28625,898
Missouri,Asian and White,04000US29,9,24790,1267,12120,752,23270,1316,10910,776
Missouri,Black or African American and White,04000US29,10,58525,2733,19960,1372,58305,2753,19740,1395
Missouri,American Indian or Alaska Native and Black or African American,04000US29,11,4010,624,3175,464,4010,624,3175,464
Missouri,Remainder of Two or More Race Responses,04000US29,12,15610,1237,8940,781,15230,1259,8635,790
Missouri,Hispanic or Latino,04000US29,13,254790,210,161600,313,207930,1923,118505,1687
Montana,Total,04000US30,1,1050650,0,822265,404,1040280,1005,812540,1048
Montana,Not Hispanic or Latino,04000US30,2,1010335,129,796445,327,1002405,868,788835,907
Montana,American Indian or Alaska Native Alone,04000US30,3,63755,989,41375,761,63740,988,41365,760
Montana,Asian Alone,04000US30,4,8160,492,7045,439,5980,520,5000,487
Montana,Black or African American Alone,04000US30,5,4765,400,3675,256,4360,412,3280,265
Montana,Native Hawaiian or Other Pacific Islander Alone,04000US30,6,870,227,610,170,780,230,520,173
Montana,White Alone,04000US30,7,905365,117,727350,118,900315,643,722455,637
Montana,American Indian or Alaska Native and White,04000US30,8,16245,921,11240,691,16230,922,11230,690
Montana,Asian and White,04000US30,9,4520,466,2140,331,4410,467,2035,335
Montana,Black or African American and White,04000US30,10,3745,372,1600,249,3745,368,1595,248
Montana,American Indian or Alaska Native and Black or African American,04000US30,11,535,220,230,118,530,220,230,118
Montana,Remainder of Two or More Race Responses,04000US30,12,2370,347,1180,238,2320,348,1130,237
Montana,Hispanic or Latino,04000US30,13,40315,129,25820,283,37875,431,23705,381
Nebraska,Total,04000US31,1,1914570,0,1440465,333,1830380,2546,1366080,2120
Nebraska,Not Hispanic or Latino,04000US31,2,1706300,105,1315165,346,1670455,1619,1284770,1283
Nebraska,American Indian or Alaska Native Alone,04000US31,3,14470,611,9225,417,14460,612,9215,417
Nebraska,Asian Alone,04000US31,4,45495,971,34530,618,26090,1031,18020,826
Nebraska,Black or African American Alone,04000US31,5,90170,1348,63710,683,82470,1292,57355,751
Nebraska,Native Hawaiian or Other Pacific Islander Alone,04000US31,6,1105,212,920,182,1035,213,850,183
Nebraska,White Alone,04000US31,7,1514180,37,1187365,30,1506795,805,1180895,662
Nebraska,American Indian or Alaska Native and White,04000US31,8,8845,580,6125,420,8820,584,6100,424
Nebraska,Asian and White,04000US31,9,9075,766,4910,504,8110,754,4200,430
Nebraska,Black or African American and White,04000US31,10,16350,1087,4730,505,16330,1092,4710,508
Nebraska,American Indian or Alaska Native and Black or African American,04000US31,11,1500,385,1035,250,1500,385,1035,250
Nebraska,Remainder of Two or More Race Responses,04000US31,12,5110,669,2620,392,4845,651,2385,376
Nebraska,Hispanic or Latino,04000US31,13,208270,105,125300,113,159925,1804,81310,1539
Nevada,Total,04000US32,1,2972380,0,2291340,212,2681290,4669,2018930,4338
Nevada,Not Hispanic or Latino,04000US32,2,2119340,0,1717330,209,2028250,2684,1633630,2369
Nevada,American Indian or Alaska Native Alone,04000US32,3,27325,831,20900,716,27175,838,20760,718
Nevada,Asian Alone,04000US32,4,239940,2002,201515,1410,188760,2417,154605,1886
Nevada,Black or African American Alone,04000US32,5,261900,2269,196035,1274,252720,2493,188100,1533
Nevada,Native Hawaiian or Other Pacific Islander Alone,04000US32,6,18380,523,14040,428,17200,545,12970,436
Nevada,White Alone,04000US32,7,1470095,10,1227655,6,1442745,1413,1201740,1257
Nevada,American Indian or Alaska Native and White,04000US32,8,12090,798,9410,662,12020,796,9340,660
Nevada,Asian and White,04000US32,9,33240,1781,17905,1290,32040,1721,16825,1237
Nevada,Black or African American and White,04000US32,10,26925,1707,11160,784,26755,1680,11025,771
Nevada,American Indian or Alaska Native and Black or African American,04000US32,11,2975,620,2525,536,2965,624,2515,539
Nevada,Remainder of Two or More Race Responses,04000US32,12,26470,1752,16195,1135,25870,1704,15750,1095
Nevada,Hispanic or Latino,04000US32,13,853040,0,574010,0,653040,3728,385300,3403
New Hampshire,Total,04000US33,1,1348125,0,1088160,153,1311780,1610,1055455,1345
New Hampshire,Not Hispanic or Latino,04000US33,2,1297630,230,1053825,223,1267860,1405,1027170,1154
New Hampshire,American Indian or Alaska Native Alone,04000US33,3,1830,334,1500,277,1765,330,1460,278
New Hampshire,Asian Alone,04000US33,4,36440,737,29000,541,22660,903,16665,772
New Hampshire,Black or African American Alone,04000US33,5,18725,724,13725,553,15510,807,11225,622
New Hampshire,Native Hawaiian or Other Pacific Islander Alone,04000US33,6,350,111,295,90,345,111,295,91
New Hampshire,White Alone,04000US33,7,1216245,269,995195,226,1204010,929,983870,751
New Hampshire,American Indian or Alaska Native and White,04000US33,8,7275,341,5920,313,7265,341,5920,313
New Hampshire,Asian and White,04000US33,9,8075,672,4035,475,7760,678,3745,460
New Hampshire,Black or African American and White,04000US33,10,6295,661,2635,412,6250,651,2590,406
New Hampshire,American Indian or Alaska Native and Black or African American,04000US33,11,275,124,265,119,275,124,265,119
New Hampshire,Remainder of Two or More Race Responses,04000US33,12,2125,404,1255,226,2015,408,1145,226
New Hampshire,Hispanic or Latino,04000US33,13,50495,230,34335,177,43920,795,28285,751
New Jersey,Total,04000US34,1,8878505,0,6916980,383,8011800,9597,6132175,8225
New Jersey,Not Hispanic or Latino,04000US34,2,7083765,0,5645015,381,6618755,5635,5225825,4821
New Jersey,American Indian or Alaska Native Alone,04000US34,3,9960,668,7630,529,9665,646,7340,513
New Jersey,Asian Alone,04000US34,4,847425,2108,663615,1313,596085,4070,438365,3384
New Jersey,Black or African American Alone,04000US34,5,1142745,3189,881895,1949,1066175,4572,813480,3049
New Jersey,Native Hawaiian or Other Pacific Islander Alone,04000US34,6,2550,295,1930,223,2135,295,1625,223
New Jersey,White Alone,04000US34,7,4939405,29,4016425,29,4807090,3837,3894860,3436
New Jersey,American Indian or Alaska Native and White,04000US34,8,13675,674,10825,600,13600,653,10755,582
New Jersey,Asian and White,04000US34,9,46830,1930,20010,1144,44650,1885,18335,1086
New Jersey,Black or African American and White,04000US34,10,52190,2715,22630,1515,51560,2682,22110,1474
New Jersey,American Indian or Alaska Native and Black or African American,04000US34,11,6745,891,5400,747,6690,888,5345,743
New Jersey,Remainder of Two or More Race Responses,04000US34,12,22250,1423,14660,968,21110,1358,13610,936
New Jersey,Hispanic or Latino,04000US34,13,1794735,0,1271965,0,1393045,7223,906355,6454
New Mexico,Total,04000US35,1,2092455,0,1603980,360,1976245,3748,1496285,3520
New Mexico,Not Hispanic or Latino,04000US35,2,1071635,0,876605,366,1050685,1493,857630,1337
New Mexico,American Indian or Alaska Native Alone,04000US35,3,183665,1244,133625,788,183645,1245,133605,790
New Mexico,Asian Alone,04000US35,4,30690,809,25190,591,21245,1018,16560,861
New Mexico,Black or African American Alone,04000US35,5,38680,788,30535,472,36360,940,28740,598
New Mexico,Native Hawaiian or Other Pacific Islander Alone,04000US35,6,1255,257,960,192,1205,262,925,196
New Mexico,White Alone,04000US35,7,786105,301,667585,307,777600,1017,659660,944
New Mexico,American Indian or Alaska Native and White,04000US35,8,11170,1121,7475,634,11170,1118,7470,634
New Mexico,Asian and White,04000US35,9,8450,773,5115,571,7970,717,4665,506
New Mexico,Black or African American and White,04000US35,10,6495,763,2965,408,6480,764,2945,409
New Mexico,American Indian or Alaska Native and Black or African American,04000US35,11,1630,349,960,263,1630,349,960,263
New Mexico,Remainder of Two or More Race Responses,04000US35,12,3490,555,2195,358,3380,550,2105,354
New Mexico,Hispanic or Latino,04000US35,13,1020815,0,727375,0,925560,3461,638655,3141
New York,Total,04000US36,1,19572320,0,15463820,352,17686675,17845,13723455,15838
New York,Not Hispanic or Latino,04000US36,2,15851335,0,12753025,349,14737235,11336,11724925,9831
New York,American Indian or Alaska Native Alone,04000US36,3,48315,1500,37860,1147,46505,1504,36150,1154
New York,Asian Alone,04000US36,4,1674425,3314,1358435,2386,1177845,5683,899275,4891
New York,Black or African American Alone,04000US36,5,2839350,4747,2214720,2907,2576490,6970,1973845,5950
New York,Native Hawaiian or Other Pacific Islander Alone,04000US36,6,8945,530,7535,486,7720,631,6365,609
New York,White Alone,04000US36,7,10927680,55,8936705,55,10601615,5811,8632755,5030
New York,American Indian or Alaska Native and White,04000US36,8,40910,1578,30140,1118,40580,1567,29805,1110
New York,Asian and White,04000US36,9,115245,3210,58540,2190,98215,2956,45155,1947
New York,Black or African American and White,04000US36,10,122400,3790,56385,1997,120040,3729,54270,1909
New York,American Indian or Alaska Native and Black or African American,04000US36,11,15940,1298,13105,960,15630,1291,12845,951
New York,Remainder of Two or More Race Responses,04000US36,12,58130,2757,39600,2002,52600,2646,34465,1839
New York,Hispanic or Latino,04000US36,13,3720985,0,2710795,85,2949440,10401,1998530,9594
North Carolina,Total,04000US37,1,10264875,0,7968260,697,9766885,6563,7514970,5701
North Carolina,Not Hispanic or Latino,04000US37,2,9302210,137,7378170,696,9102485,4199,7201395,3611
North Carolina,American Indian or Alaska Native Alone,04000US37,3,113000,1399,86235,1106,112780,1370,86040,1098
North Carolina,Asian Alone,04000US37,4,294380,2120,225585,1304,194030,2575,137175,2098
North Carolina,Black or African American Alone,04000US37,5,2174955,4191,1662595,2268,2142330,4746,1634850,2732
North Carolina,Native Hawaiian or Other Pacific Islander Alone,04000US37,6,5670,490,4285,410,5070,455,3775,416
North Carolina,White Alone,04000US37,7,6490630,29,5286110,7,6428440,2264,5229240,1936
North Carolina,American Indian or Alaska Native and White,04000US37,8,37615,1435,27510,1157,37515,1426,27410,1146
North Carolina,Asian and White,04000US37,9,40370,1990,19675,1184,38345,1828,18125,1106
North Carolina,Black or African American and White,04000US37,10,94255,3577,33825,1494,94010,3567,33595,1489
North Carolina,American Indian or Alaska Native and Black or African American,04000US37,11,18730,1907,13405,1358,18670,1892,13350,1340
North Carolina,Remainder of Two or More Race Responses,04000US37,12,32610,1965,18945,1200,31290,1883,17835,1146
North Carolina,Hispanic or Latino,04000US37,13,962665,136,590095,195,664400,4339,313570,3956
North Dakota,Total,04000US38,1,756715,0,580975,321,738305,1157,564480,1095
North Dakota,Not Hispanic or Latino,04000US38,2,728400,136,563080,273,712420,1068,548910,969
North Dakota,American Indian or Alaska Native Alone,04000US38,3,38485,764,24450,474,38420,753,24390,469
North Dakota,Asian Alone,04000US38,4,10960,577,8820,390,4880,539,3645,384
North Dakota,Black or African American Alone,04000US38,5,21595,683,15230,441,16520,825,10740,641
North Dakota,Native Hawaiian or Other Pacific Islander Alone,04000US38,6,865,421,655,265,830,419,625,264
North Dakota,White Alone,04000US38,7,640000,39,505180,34,635705,540,501110,513
North Dakota,American Indian or Alaska Native and White,04000US38,8,8070,697,4915,460,8070,695,4915,461
North Dakota,Asian and White,04000US38,9,3480,572,1790,388,3235,494,1545,333
North Dakota,Black or African American and White,04000US38,10,3115,486,1110,279,3105,486,1100,281
North Dakota,American Indian or Alaska Native and Black or African American,04000US38,11,290,131,105,54,230,92,105,54
North Dakota,Remainder of Two or More Race Responses,04000US38,12,1540,354,825,248,1420,363,740,243
North Dakota,Hispanic or Latino,04000US38,13,28315,137,17895,164,25885,516,15570,490
Ohio,Total,04000US39,1,11655395,0,9050385,534,11397175,5241,8820895,4583
Ohio,Not Hispanic or Latino,04000US39,2,11211980,210,8767535,496,11014920,4181,8593245,3681
Ohio,American Indian or Alaska Native Alone,04000US39,3,17325,1199,14335,906,17205,1188,14220,896
Ohio,Asian Alone,04000US39,4,260345,1868,204860,1255,158970,3005,114000,2373
Ohio,Black or African American Alone,04000US39,5,1430795,4000,1058395,2377,1395970,4243,1028845,2784
Ohio,Native Hawaiian or Other Pacific Islander Alone,04000US39,6,3295,383,2485,265,2840,366,2060,270
Ohio,White Alone,04000US39,7,9213650,222,7346515,217,9157420,2155,7296465,1694
Ohio,American Indian or Alaska Native and White,04000US39,8,44475,1191,34875,980,44470,1196,34865,986
Ohio,Asian and White,04000US39,9,48870,1741,24355,1211,45370,1588,21580,1079
Ohio,Black or African American and White,04000US39,10,153780,3609,56170,2226,153450,3609,55870,2226
Ohio,American Indian or Alaska Native and Black or African American,04000US39,11,11515,1224,9115,909,11515,1224,9115,909
Ohio,Remainder of Two or More Race Responses,04000US39,12,27935,1753,16425,871,27705,1746,16220,866
Ohio,Hispanic or Latino,04000US39,13,443415,208,282855,246,382255,2113,227655,1848
Oklahoma,Total,04000US40,1,3932870,0,2975905,425,3782285,2945,2837290,2528
Oklahoma,Not Hispanic or Latino,04000US40,2,3514965,0,2721915,390,3464025,1712,2675715,1521
Oklahoma,American Indian or Alaska Native Alone,04000US40,3,285850,2506,204635,1869,285730,2481,204520,1857
Oklahoma,Asian Alone,04000US40,4,85230,1189,66735,784,58445,1287,42625,1105
Oklahoma,Black or African American Alone,04000US40,5,282115,2218,209905,1274,276545,2240,204810,1388
Oklahoma,Native Hawaiian or Other Pacific Islander Alone,04000US40,6,5645,270,4470,336,3355,658,2500,523
Oklahoma,White Alone,04000US40,7,2585680,47,2073175,48,2570890,1066,2059465,960
Oklahoma,American Indian or Alaska Native and White,04000US40,8,181330,2599,121305,1902,181240,2593,121235,1894
Oklahoma,Asian and White,04000US40,9,16865,1174,9425,718,15955,1107,8670,677
Oklahoma,Black or African American and White,04000US40,10,36725,1966,12465,990,36570,1960,12320,987
Oklahoma,American Indian or Alaska Native and Black or African American,04000US40,11,17605,1214,11265,746,17590,1211,11250,742
Oklahoma,Remainder of Two or More Race Responses,04000US40,12,17925,1211,8540,607,17695,1205,8320,610
Oklahoma,Hispanic or Latino,04000US40,13,417905,0,253995,87,318265,2218,161575,1933
Oregon,Total,04000US41,1,4129805,0,3261860,334,3905205,4920,3054025,4428
Oregon,Not Hispanic or Latino,04000US41,2,3592585,0,2916075,337,3491465,2760,2824410,2321
Oregon,American Indian or Alaska Native Alone,04000US41,3,38140,1233,29435,925,38030,1236,29320,933
Oregon,Asian Alone,04000US41,4,180150,1839,148495,1315,128765,2539,101415,2048
Oregon,Black or African American Alone,04000US41,5,75675,1587,57340,983,69735,1650,52690,1114
Oregon,Native Hawaiian or Other Pacific Islander Alone,04000US41,6,16010,723,11945,480,12085,691,8350,557
Oregon,White Alone,04000US41,7,3132650,29,2577465,13,3095200,1959,2543220,1679
Oregon,American Indian or Alaska Native and White,04000US41,8,51970,1336,39505,1015,51900,1339,39435,1021
Oregon,Asian and White,04000US41,9,46770,1643,24685,1103,45480,1588,23610,1038
Oregon,Black or African American and White,04000US41,10,27800,1556,12190,900,27435,1544,11940,885
Oregon,American Indian or Alaska Native and Black or African American,04000US41,11,1050,234,930,209,1030,225,910,200
Oregon,Remainder of Two or More Race Responses,04000US41,12,22370,1506,14080,1002,21805,1478,13525,968
Oregon,Hispanic or Latino,04000US41,13,537215,0,345785,33,413740,3679,229615,3326
Pennsylvania,Total,04000US42,1,12791530,0,10129140,403,12379320,6526,9759725,5692
Pennsylvania,Not Hispanic or Latino,04000US42,2,11856315,97,9513855,351,11568320,5303,9256130,4497
Pennsylvania,American Indian or Alaska Native Alone,04000US42,3,14725,844,11670,676,13930,787,10920,649
Pennsylvania,Asian Alone,04000US42,4,439475,2412,346275,1544,296855,2571,217560,2250
Pennsylvania,Black or African American Alone,04000US42,5,1370015,4680,1029035,2341,1319095,4888,984640,3166
Pennsylvania,Native Hawaiian or Other Pacific Islander Alone,04000US42,6,2890,367,2445,331,2510,305,2080,283
Pennsylvania,White Alone,04000US42,7,9793185,262,8006700,243,9705450,2819,7927885,2315
Pennsylvania,American Indian or Alaska Native and White,04000US42,8,30190,896,23315,729,30070,899,23195,728
Pennsylvania,Asian and White,04000US42,9,51620,2281,24415,1378,48340,2043,21770,1146
Pennsylvania,Black or African American and White,04000US42,10,115090,3667,44040,1668,114345,3607,43360,1631
Pennsylvania,American Indian or Alaska Native and Black or African American,04000US42,11,11480,1319,8475,844,11470,1316,8470,844
Pennsylvania,Remainder of Two or More Race Responses,04000US42,12,27645,1950,17490,1272,26255,1955,16255,1272
Pennsylvania,Hispanic or Latino,04000US42,13,935215,97,615285,238,811000,4053,503595,3507
Rhode Island,Total,04000US44,1,1057230,0,849885,99,994510,2608,792920,2340
Rhode Island,Not Hispanic or Latino,04000US44,2,894005,0,739010,96,861115,1799,708955,1667
Rhode Island,American Indian or Alaska Native Alone,04000US44,3,3865,551,2895,405,3855,550,2885,402
Rhode Island,Asian Alone,04000US44,4,36365,754,29270,482,24740,1087,18775,922
Rhode Island,Black or African American Alone,04000US44,5,63245,959,47705,656,55615,1324,40910,1021
Rhode Island,Native Hawaiian or Other Pacific Islander Alone,04000US44,6,855,176,660,161,790,191,595,173
Rhode Island,White Alone,04000US44,7,767380,30,646135,30,754430,1138,633855,1056
Rhode Island,American Indian or Alaska Native and White,04000US44,8,3555,535,2645,412,3545,537,2640,411
Rhode Island,Asian and White,04000US44,9,5700,733,2980,449,5490,709,2815,441
Rhode Island,Black or African American and White,04000US44,10,9070,878,3835,534,8840,888,3685,512
Rhode Island,American Indian or Alaska Native and Black or African American,04000US44,11,1710,386,1360,293,1695,383,1345,290
Rhode Island,Remainder of Two or More Race Responses,04000US44,12,2265,426,1520,344,2110,412,1445,343
Rhode Island,Hispanic or Latino,04000US44,13,163225,0,110880,0,133390,1759,83965,1565
South Carolina,Total,04000US45,1,5020805,0,3918305,365,4873320,3689,3785355,3178
South Carolina,Not Hispanic or Latino,04000US45,2,4735350,43,3735600,339,4673840,2081,3680960,1854
South Carolina,American Indian or Alaska Native Alone,04000US45,3,14835,952,12140,767,14780,951,12085,764
South Carolina,Asian Alone,04000US45,4,79975,935,63080,744,55000,1328,40940,1106
South Carolina,Black or African American Alone,04000US45,5,1337225,2935,1013180,1598,1329845,2959,1006970,1683
South Carolina,Native Hawaiian or Other Pacific Islander Alone,04000US45,6,3785,797,2385,474,3215,734,1905,444
South Carolina,White Alone,04000US45,7,3202670,30,2597630,30,3175200,1499,2572835,1169
South Carolina,American Indian or Alaska Native and White,04000US45,8,18560,874,14395,699,18555,875,14390,700
South Carolina,Asian and White,04000US45,9,16355,969,8840,662,15615,912,8185,601
South Carolina,Black or African American and White,04000US45,10,46555,2605,13820,1092,46470,2607,13735,1099
South Carolina,American Indian or Alaska Native and Black or African American,04000US45,11,5280,938,4005,706,5275,939,4000,707
South Carolina,Remainder of Two or More Race Responses,04000US45,12,10115,1190,6120,786,9880,1182,5905,780
South Carolina,Hispanic or Latino,04000US45,13,285460,43,182705,174,199480,2878,104395,2408
South Dakota,Total,04000US46,1,870640,0,656530,415,850795,1371,639670,1046
South Dakota,Not Hispanic or Latino,04000US46,2,837615,206,636755,371,823280,1229,624765,912
South Dakota,American Indian or Alaska Native Alone,04000US46,3,73400,986,45070,618,73365,986,45045,624
South Dakota,Asian Alone,04000US46,4,12525,467,9335,378,6665,561,4260,477
South Dakota,Black or African American Alone,04000US46,5,17230,791,11410,360,11975,1105,7360,614
South Dakota,Native Hawaiian or Other Pacific Islander Alone,04000US46,6,480,179,380,151,405,157,325,132
South Dakota,White Alone,04000US46,7,714100,39,560510,76,711215,456,557940,415
South Dakota,American Indian or Alaska Native and White,04000US46,8,10895,811,6655,501,10885,815,6645,504
South Dakota,Asian and White,04000US46,9,2120,334,935,201,1970,292,785,141
South Dakota,Black or African American and White,04000US46,10,4185,602,1370,255,4140,604,1335,253
South Dakota,American Indian or Alaska Native and Black or African American,04000US46,11,720,331,285,123,720,331,285,123
South Dakota,Remainder of Two or More Race Responses,04000US46,12,1955,517,800,266,1945,519,785,270
South Dakota,Hispanic or Latino,04000US46,13,33025,204,19775,249,27515,609,14905,519
Tennessee,Total,04000US47,1,6709355,0,5204435,826,6499470,4364,5019115,3999
Tennessee,Not Hispanic or Latino,04000US47,2,6345180,222,4984305,744,6250810,3250,4901425,2822
Tennessee,American Indian or Alaska Native Alone,04000US47,3,15720,962,13315,826,15520,982,13145,836
Tennessee,Asian Alone,04000US47,4,118010,1396,91495,981,75700,1879,53995,1459
Tennessee,Black or African American Alone,04000US47,5,1118940,3010,834870,1617,1104975,3239,822685,1854
Tennessee,Native Hawaiian or Other Pacific Islander Alone,04000US47,6,3435,447,2625,307,3075,392,2265,269
Tennessee,White Alone,04000US47,7,4960880,430,3976780,320,4925030,2281,3945605,1948
Tennessee,American Indian or Alaska Native and White,04000US47,8,32300,1157,25430,1034,32240,1172,25370,1051
Tennessee,Asian and White,04000US47,9,22140,1249,12115,873,20925,1232,11030,838
Tennessee,Black or African American and White,04000US47,10,57250,2701,16735,1100,57165,2699,16655,1102
Tennessee,American Indian or Alaska Native and Black or African American,04000US47,11,3955,665,3295,577,3955,665,3295,577
Tennessee,Remainder of Two or More Race Responses,04000US47,12,12555,1168,7640,811,12220,1180,7380,807
Tennessee,Hispanic or Latino,04000US47,13,364175,221,220130,368,248660,2682,117685,2300
Texas,Total,04000US48,1,28260855,0,20922410,1090,25253945,24109,18181330,21920
Texas,Not Hispanic or Latino,04000US48,2,17143975,246,13427050,1086,16369350,10740,12752170,8903
Texas,American Indian or Alaska Native Alone,04000US48,3,71665,2423,56315,1778,71050,2418,55750,1777
Texas,Asian Alone,04000US48,4,1356080,4654,1049730,2768,934315,7326,674830,5731
Texas,Black or African American Alone,04000US48,5,3343450,6202,2495075,3359,3209635,8298,2383950,5594
Texas,Native Hawaiian or Other Pacific Islander Alone,04000US48,6,22045,872,17170,684,18815,1147,14205,834
Texas,White Alone,04000US48,7,11889315,683,9553210,588,11689760,5514,9380330,4656
Texas,American Indian or Alaska Native and White,04000US48,8,103175,2326,82755,1775,102900,2334,82475,1794
Texas,Asian and White,04000US48,9,121105,4045,63800,2192,110050,3782,55430,2030
Texas,Black or African American and White,04000US48,10,153590,4680,55835,2339,152400,4613,54890,2268
Texas,American Indian or Alaska Native and Black or African American,04000US48,11,19530,1804,14725,1259,19505,1809,14710,1258
Texas,Remainder of Two or More Race Responses,04000US48,12,64015,3265,38435,2039,60920,3034,35595,1824
Texas,Hispanic or Latino,04000US48,13,11116880,248,7495360,269,8884595,19880,5429160,18179
Utah,Total,04000US49,1,3096850,0,2173265,324,2938730,3408,2029030,3035
Utah,Not Hispanic or Latino,04000US49,2,2662015,0,1901405,291,2606465,2420,1852780,1901
Utah,American Indian or Alaska Native Alone,04000US49,3,28725,1092,20560,736,28555,1083,20390,728
Utah,Asian Alone,04000US49,4,71900,1362,57955,940,47455,1396,36150,1184
Utah,Black or African American Alone,04000US49,5,34710,1197,22820,694,29460,1349,18720,811
Utah,Native Hawaiian or Other Pacific Islander Alone,04000US49,6,27115,1085,18880,558,23310,1197,15630,659
Utah,White Alone,04000US49,7,2431410,96,1746830,86,2410835,1648,1728555,1245
Utah,American Indian or Alaska Native and White,04000US49,8,12840,1040,8310,659,12805,1041,8275,655
Utah,Asian and White,04000US49,9,24445,1256,11985,796,23835,1201,11520,746
Utah,Black or African American and White,04000US49,10,11740,1133,4885,583,11520,1133,4735,567
Utah,American Indian or Alaska Native and Black or African American,04000US49,11,695,307,395,191,635,302,335,186
Utah,Remainder of Two or More Race Responses,04000US49,12,18435,1414,8785,797,18055,1401,8475,795
Utah,Hispanic or Latino,04000US49,13,434830,0,271860,110,332265,2883,176250,2573
Vermont,Total,04000US50,1,624315,0,507660,150,610980,973,495820,816
Vermont,Not Hispanic or Latino,04000US50,2,612275,0,498790,152,600090,926,488065,772
Vermont,American Indian or Alaska Native Alone,04000US50,3,1805,272,1580,264,1785,268,1555,259
Vermont,Asian Alone,04000US50,4,10535,607,8685,452,6600,596,5235,454
Vermont,Black or African American Alone,04000US50,5,8125,352,5640,214,6460,412,4490,279
Vermont,Native Hawaiian or Other Pacific Islander Alone,04000US50,6,295,131,280,123,290,128,275,119
Vermont,White Alone,04000US50,7,579985,22,475565,22,573960,644,469925,563
Vermont,American Indian or Alaska Native and White,04000US50,8,4595,276,3710,263,4585,274,3700,262
Vermont,Asian and White,04000US50,9,3320,583,1760,421,2935,355,1390,224
Vermont,Black or African American and White,04000US50,10,2265,291,860,176,2210,288,820,175
Vermont,American Indian or Alaska Native and Black or African American,04000US50,11,145,101,100,68,145,101,100,68
Vermont,Remainder of Two or More Race Responses,04000US50,12,1200,295,610,142,1125,285,575,137
Vermont,Hispanic or Latino,04000US50,13,12040,0,8865,30,10890,250,7755,246
Virginia,Total,04000US51,1,8454465,0,6588765,957,7953315,8377,6140255,7251
Virginia,Not Hispanic or Latino,04000US51,2,7662460,524,6052800,819,7387000,5550,5809160,4403
Virginia,American Indian or Alaska Native Alone,04000US51,3,18340,873,15100,719,18165,891,14960,736
Virginia,Asian Alone,04000US51,4,541510,3089,429535,2140,397840,3307,299775,2875
Virginia,Black or African American Alone,04000US51,5,1596300,3894,1231210,2409,1551330,4437,1192325,2888
Virginia,Native Hawaiian or Other Pacific Islander Alone,04000US51,6,5205,533,4115,371,5050,534,3990,374
Virginia,White Alone,04000US51,7,5243290,9,4236540,10,5167250,2685,4169880,2065
Virginia,American Indian or Alaska Native and White,04000US51,8,26635,933,21315,772,26565,935,21255,781
Virginia,Asian and White,04000US51,9,85575,2764,44965,2025,77340,2500,38915,1737
Virginia,Black or African American and White,04000US51,10,93410,3164,36950,1829,92510,3167,36150,1843
Virginia,American Indian or Alaska Native and Black or African American,04000US51,11,11950,1318,9530,1048,11950,1318,9530,1048
Virginia,Remainder of Two or More Race Responses,04000US51,12,40235,2497,23550,1300,39000,2432,22385,1225
Virginia,Hispanic or Latino,04000US51,13,792000,524,535965,767,566315,5425,331095,4942
Washington,Total,04000US53,1,7404105,0,5760560,447,6850930,7503,5257900,6436
Washington,Not Hispanic or Latino,04000US53,2,6466530,0,5171860,459,6133855,6022,4872930,5063
Washington,American Indian or Alaska Native Alone,04000US53,3,79905,1856,60360,1311,79470,1840,59975,1302
Washington,Asian Alone,04000US53,4,630945,3607,517750,2604,441635,3833,344650,3171
Washington,Black or African American Alone,04000US53,5,271970,3416,206685,2126,244730,3576,183340,2255
Washington,Native Hawaiian or Other Pacific Islander Alone,04000US53,6,47940,1283,35790,801,40070,1390,28990,964
Washington,White Alone,04000US53,7,5085955,29,4153170,6,4985095,3283,4063305,2617
Washington,American Indian or Alaska Native and White,04000US53,8,78405,1754,58625,1252,78260,1770,58495,1263
Washington,Asian and White,04000US53,9,120765,3218,62160,2078,116350,2906,58925,1834
Washington,Black or African American and White,04000US53,10,75015,2860,33610,1701,74555,2886,33210,1706
Washington,American Indian or Alaska Native and Black or African American,04000US53,11,6855,968,5015,795,6855,968,5015,795
Washington,Remainder of Two or More Race Responses,04000US53,12,68770,2936,38695,1927,66840,2860,37030,1917
Washington,Hispanic or Latino,04000US53,13,937580,0,588705,89,717075,4541,384965,3850
West Virginia,Total,04000US54,1,1817305,0,1447865,579,1802675,1008,1434260,1043
West Virginia,Not Hispanic or Latino,04000US54,2,1788935,641,1428635,657,1777405,1052,1417975,987
West Virginia,American Indian or Alaska Native Alone,04000US54,3,3650,563,3125,461,3545,564,3020,464
West Virginia,Asian Alone,04000US54,4,14570,658,12080,531,9955,625,7665,554
West Virginia,Black or African American Alone,04000US54,5,66490,1356,52680,817,64835,1299,51290,812
West Virginia,Native Hawaiian or Other Pacific Islander Alone,04000US54,6,405,179,370,161,370,169,340,156
West Virginia,White Alone,04000US54,7,1674525,510,1346215,394,1669800,863,1341895,704
West Virginia,American Indian or Alaska Native and White,04000US54,8,6925,538,5715,552,6925,538,5715,552
West Virginia,Asian and White,04000US54,9,3645,442,1990,300,3455,435,1810,293
West Virginia,Black or African American and White,04000US54,10,15525,1000,4365,496,15475,999,4320,490
West Virginia,American Indian or Alaska Native and Black or African American,04000US54,11,495,164,375,114,495,164,375,114
West Virginia,Remainder of Two or More Race Responses,04000US54,12,2715,439,1715,269,2550,424,1545,283
West Virginia,Hispanic or Latino,04000US54,13,28370,641,19230,535,25270,740,16280,625
Wisconsin,Total,04000US55,1,5790715,0,4509815,376,5633105,3692,4366395,3244
Wisconsin,Not Hispanic or Latino,04000US55,2,5396325,0,4266880,381,5314110,2629,4193685,2245
Wisconsin,American Indian or Alaska Native Alone,04000US55,3,47050,980,35025,738,46935,975,34935,736
Wisconsin,Asian Alone,04000US55,4,162460,1536,118770,942,115670,1928,77310,1567
Wisconsin,Black or African American Alone,04000US55,5,365295,2182,254940,1081,358165,2330,248995,1231
Wisconsin,Native Hawaiian or Other Pacific Islander Alone,04000US55,6,2185,519,1625,369,1750,336,1195,210
Wisconsin,White Alone,04000US55,7,4711480,16,3805435,2,4685250,1562,3781485,1377
Wisconsin,American Indian or Alaska Native and White,04000US55,8,26465,973,17980,715,26385,975,17900,716
Wisconsin,Asian and White,04000US55,9,24260,1439,11545,875,23190,1334,10640,757
Wisconsin,Black or African American and White,04000US55,10,44925,2176,14875,988,44790,2162,14760,976
Wisconsin,American Indian or Alaska Native and Black or African American,04000US55,11,3290,574,2090,351,3285,576,2085,354
Wisconsin,Remainder of Two or More Race Responses,04000US55,12,8920,835,4600,525,8695,823,4380,520
Wisconsin,Hispanic or Latino,04000US55,13,394390,0,242935,31,318995,2095,172710,1868
Wyoming,Total,04000US56,1,581025,0,444655,456,568950,991,433355,1029
Wyoming,Not Hispanic or Latino,04000US56,2,523685,143,406955,485,518980,625,402650,718
Wyoming,American Indian or Alaska Native Alone,04000US56,3,12555,549,8610,406,12555,549,8610,406
Wyoming,Asian Alone,04000US56,4,4940,430,4075,340,3210,394,2455,325
Wyoming,Black or African American Alone,04000US56,5,5215,595,3940,425,4610,570,3515,424
Wyoming,Native Hawaiian or Other Pacific Islander Alone,04000US56,6,460,231,375,208,455,235,365,211
Wyoming,White Alone,04000US56,7,488790,115,383215,91,486565,383,381100,362
Wyoming,American Indian or Alaska Native and White,04000US56,8,4885,530,3145,393,4885,530,3145,393
Wyoming,Asian and White,04000US56,9,2640,412,1550,270,2595,408,1505,261
Wyoming,Black or African American and White,04000US56,10,2905,471,1220,324,2905,471,1220,323
Wyoming,American Indian or Alaska Native and Black or African American,04000US56,11,110,96,70,88,110,96,70,88
Wyoming,Remainder of Two or More Race Responses,04000US56,12,1185,311,750,221,1095,316,660,209
Wyoming,Hispanic or Latino,04000US56,13,57340,143,37700,156,49970,860,30710,760
Puerto Rico,Total,04000US72,1,3318445,0,2670100,0,3271970,1837,2626420,1707
Puerto Rico,Not Hispanic or Latino,04000US72,2,42530,2211,34590,1611,39290,2168,31595,1612
Puerto Rico,American Indian or Alaska Native Alone,04000US72,3,120,89,100,65,90,51,70,45
Puerto Rico,Asian Alone,04000US72,4,2670,792,2325,678,1575,603,1310,474
Puerto Rico,Black or African American Alone,04000US72,5,3795,471,3210,423,3375,439,2785,393
Puerto Rico,Native Hawaiian or Other Pacific Islander Alone,04000US72,6,20,26,0,33,20,26,0,33
Puerto Rico,White Alone,04000US72,7,34025,2022,27475,1487,32405,2041,26020,1506
Puerto Rico,American Indian or Alaska Native and White,04000US72,8,80,63,80,63,80,63,80,63
Puerto Rico,Asian and White,04000US72,9,275,132,260,126,220,105,205,99
Puerto Rico,Black or African American and White,04000US72,10,1050,307,785,253,1030,307,765,255
Puerto Rico,American Indian or Alaska Native and Black or African American,04000US72,11,25,33,25,33,25,33,25,33
Puerto Rico,Remainder of Two or More Race Responses,04000US72,12,470,221,330,123,470,221,330,123
Puerto Rico,Hispanic or Latino,04000US72,13,3275920,2210,2635510,1606,3232680,2935,2594820,2345
